<?xml version="1.0" encoding="UTF-8"?><module codename="org.netbeans.api.annotations.common/1">
    <module_version install_time="1430126023168" last="true" origin="installer" specification_version="1.23.1">
        <file crc="1285559856" name="config/Modules/org-netbeans-api-annotations-common.xml"/>
        <file crc="1792182098" name="modules/locale/org-netbeans-api-annotations-common_ja.jar"/>
        <file crc="507549474" name="modules/locale/org-netbeans-api-annotations-common_pt_BR.jar"/>
        <file crc="2464350860" name="modules/locale/org-netbeans-api-annotations-common_ru.jar"/>
        <file crc="11588907" name="modules/locale/org-netbeans-api-annotations-common_zh_CN.jar"/>
        <file crc="3469655442" name="modules/org-netbeans-api-annotations-common.jar"/>
    </module_version>
</module>
