<?xml version="1.0" encoding="UTF-8"?><module codename="org.openide.awt">
    <module_version install_time="1429265195822" last="true" origin="installer" specification_version="7.61.1">
        <file crc="3208246121" name="config/Modules/org-openide-awt.xml"/>
        <file crc="3827939263" name="modules/locale/org-openide-awt_ja.jar"/>
        <file crc="3111591881" name="modules/locale/org-openide-awt_pt_BR.jar"/>
        <file crc="416182388" name="modules/locale/org-openide-awt_ru.jar"/>
        <file crc="2501967246" name="modules/locale/org-openide-awt_zh_CN.jar"/>
        <file crc="1345607736" name="modules/org-openide-awt.jar"/>
    </module_version>
</module>
