<?xml version="1.0" encoding="UTF-8"?><module codename="org.openide.util">
    <module_version install_time="1430461499567" last="true" origin="installer" specification_version="8.37.1">
        <file crc="3298874072" name="config/ModuleAutoDeps/org-openide-util.xml"/>
        <file crc="4284480018" name="lib/locale/org-openide-util_ja.jar"/>
        <file crc="4235221536" name="lib/locale/org-openide-util_pt_BR.jar"/>
        <file crc="2477441867" name="lib/locale/org-openide-util_ru.jar"/>
        <file crc="1362751966" name="lib/locale/org-openide-util_zh_CN.jar"/>
        <file crc="518748339" name="lib/org-openide-util.jar"/>
    </module_version>
</module>
